Crime ID,Month,Reported by,Falls within,Longitude,Latitude,Location,LSOA code,LSOA name,Crime type,Last outcome category,Context
,2010-12,City of London Police,City of London Police,-0.112951538692,51.5182669696,On or near Southampton Buildings,E01000914,Camden 028B,Vehicle crime,,
,2010-12,City of London Police,City of London Police,-0.112951538692,51.5182669696,On or near Southampton Buildings,E01000914,Camden 028B,Other crime,,
,2010-12,City of London Police,City of London Police,-0.112951538692,51.5182669696,On or near Southampton Buildings,E01000914,Camden 028B,Other crime,,
,2010-12,City of London Police,City of London Police,-0.114939980647,51.5186316674,On or near Brownlow Street,E01000914,Camden 028B,Other crime,,
,2010-12,City of London Police,City of London Police,-0.125742352995,51.5163678072,On or near Grape Street,E01000919,Camden 028D,Anti-social behaviour,,
,2010-12,City of London Police,City of London Police,-0.125742352995,51.5163678072,On or near Grape Street,E01000919,Camden 028D,Anti-social behaviour,,
,2010-12,City of London Police,City of London Police,-0.0985191190775,51.517332466,On or near Little Britain,E01000001,City of London 001A,Anti-social behaviour,,
,2010-12,City of London Police,City of London Police,-0.0971695711848,51.5192799481,On or near Aldersgate Street,E01000001,City of London 001A,Violent crime,,
,2010-12,City of London Police,City of London Police,-0.0985191190775,51.517332466,On or near Little Britain,E01000001,City of London 001A,Other crime,,
,2010-12,City of London Police,City of London Police,-0.0985191190775,51.517332466,On or near Little Britain,E01000001,City of London 001A,Other crime,,
,2010-12,City of London Police,City of London Police,-0.0940942058812,51.5156060164,On or near Gresham Street,E01000002,City of London 001B,Anti-social behaviour,,
,2010-12,City of London Police,City of London Police,-0.0940942058812,51.5156060164,On or near Gresham Street,E01000002,City of London 001B,Anti-social behaviour,,
,2010-12,City of London Police,City of London Police,-0.08862087962,51.5186193821,On or near Moorfields,E01000002,City of London 001B,Anti-social behaviour,,
,2010-12,City of London Police,City of London Police,-0.08862087962,51.5186193821,On or near Moorfields,E01000002,City of London 001B,Anti-social behaviour,,
,2010-12,City of London Police,City of London Police,-0.08862087962,51.5186193821,On or near Moorfields,E01000002,City of London 001B,Anti-social behaviour,,
,2010-12,City of London Police,City of London Police,-0.0939478289335,51.5180765906,On or near Monkwell Square,E01000002,City of London 001B,Anti-social behaviour,,
,2010-12,City of London Police,City of London Police,-0.0939478289335,51.5180765906,On or near Monkwell Square,E01000002,City of London 001B,Anti-social behaviour,,
,2010-12,City of London Police,City of London Police,-0.08862087962,51.5186193821,On or near Moorfields,E01000002,City of London 001B,Anti-social behaviour,,
,2010-12,City of London Police,City of London Police,-0.08862087962,51.5186193821,On or near Moorfields,E01000002,City of London 001B,Anti-social behaviour,,
,2010-12,City of London Police,City of London Police,-0.08862087962,51.5186193821,On or near Moorfields,E01000002,City of London 001B,Anti-social behaviour,,
,2010-12,City of London Police,City of London Police,-0.0939478289335,51.5180765906,On or near Monkwell Square,E01000002,City of London 001B,Burglary,,
,2010-12,City of London Police,City of London Police,-0.0920934619313,51.5169223715,On or near Basinghall Street,E01000002,City of London 001B,Vehicle crime,,
,2010-12,City of London Police,City of London Police,-0.0920934619313,51.5169223715,On or near Basinghall Street,E01000002,City of London 001B,Vehicle crime,,
,2010-12,City of London Police,City of London Police,-0.0920934619313,51.5169223715,On or near Basinghall Street,E01000002,City of London 001B,Vehicle crime,,
,2010-12,City of London Police,City of London Police,-0.0939478289335,51.5180765906,On or near Monkwell Square,E01000002,City of London 001B,Vehicle crime,,
,2010-12,City of London Police,City of London Police,-0.0940942058812,51.5156060164,On or near Gresham Street,E01000002,City of London 001B,Violent crime,,
,2010-12,City of London Police,City of London Police,-0.0940942058812,51.5156060164,On or near Gresham Street,E01000002,City of London 001B,Violent crime,,
,2010-12,City of London Police,City of London Police,-0.0939478289335,51.5180765906,On or near Monkwell Square,E01000002,City of London 001B,Violent crime,,
,2010-12,City of London Police,City of London Police,-0.08862087962,51.5186193821,On or near Moorfields,E01000002,City of London 001B,Other crime,,
,2010-12,City of London Police,City of London Police,-0.0940942058812,51.5156060164,On or near Gresham Street,E01000002,City of London 001B,Other crime,,
,2010-12,City of London Police,City of London Police,-0.08862087962,51.5186193821,On or near Moorfields,E01000002,City of London 001B,Other crime,,
,2010-12,City of London Police,City of London Police,-0.08862087962,51.5186193821,On or near Moorfields,E01000002,City of London 001B,Other crime,,
,2010-12,City of London Police,City of London Police,-0.0940942058812,51.5156060164,On or near Gresham Street,E01000002,City of London 001B,Other crime,,
,2010-12,City of London Police,City of London Police,-0.0941146815746,51.5164966123,On or near Wood Street,E01000002,City of London 001B,Other crime,,
,2010-12,City of London Police,City of London Police,-0.0940942058812,51.5156060164,On or near Gresham Street,E01000002,City of London 001B,Other crime,,
,2010-12,City of London Police,City of London Police,-0.0939478289335,51.5180765906,On or near Monkwell Square,E01000002,City of London 001B,Other crime,,
,2010-12,City of London Police,City of London Police,-0.0941146815746,51.5164966123,On or near Wood Street,E01000002,City of London 001B,Other crime,,
,2010-12,City of London Police,City of London Police,-0.0957568787366,51.5210105685,On or near Bridgewater Square,E01000003,City of London 001C,Anti-social behaviour,,
,2010-12,City of London Police,City of London Police,-0.0957568787366,51.5210105685,On or near Bridgewater Square,E01000003,City of London 001C,Anti-social behaviour,,
,2010-12,City of London Police,City of London Police,-0.0957568787366,51.5210105685,On or near Bridgewater Square,E01000003,City of London 001C,Anti-social behaviour,,
,2010-12,City of London Police,City of London Police,-0.0957568787366,51.5210105685,On or near Bridgewater Square,E01000003,City of London 001C,Anti-social behaviour,,
,2010-12,City of London Police,City of London Police,-0.0957568787366,51.5210105685,On or near Bridgewater Square,E01000003,City of London 001C,Anti-social behaviour,,
,2010-12,City of London Police,City of London Police,-0.0957568787366,51.5210105685,On or near Bridgewater Square,E01000003,City of London 001C,Anti-social behaviour,,
,2010-12,City of London Police,City of London Police,-0.0958595331324,51.5216596984,On or near Fann Street,E01000003,City of London 001C,Anti-social behaviour,,
,2010-12,City of London Police,City of London Police,-0.0958595331324,51.5216596984,On or near Fann Street,E01000003,City of London 001C,Burglary,,
,2010-12,City of London Police,City of London Police,-0.0957568787366,51.5210105685,On or near Bridgewater Square,E01000003,City of London 001C,Violent crime,,
,2010-12,City of London Police,City of London Police,-0.0958595331324,51.5216596984,On or near Fann Street,E01000003,City of London 001C,Other crime,,
,2010-12,City of London Police,City of London Police,-0.0957568787366,51.5210105685,On or near Bridgewater Square,E01000003,City of London 001C,Other crime,,
,2010-12,City of London Police,City of London Police,-0.0957568787366,51.5210105685,On or near Bridgewater Square,E01000003,City of London 001C,Other crime,,
,2010-12,City of London Police,City of London Police,-0.0760804712253,51.5114451026,On or near America Square,E01000005,City of London 001E,Anti-social behaviour,,
,2010-12,City of London Police,City of London Police,-0.0760804712253,51.5114451026,On or near America Square,E01000005,City of London 001E,Anti-social behaviour,,
,2010-12,City of London Police,City of London Police,-0.0760804712253,51.5114451026,On or near America Square,E01000005,City of London 001E,Anti-social behaviour,,
,2010-12,City of London Police,City of London Police,-0.0760804712253,51.5114451026,On or near America Square,E01000005,City of London 001E,Anti-social behaviour,,
,2010-12,City of London Police,City of London Police,-0.0756125198589,51.5146837477,On or near St. Botolph Street,E01000005,City of London 001E,Anti-social behaviour,,
,2010-12,City of London Police,City of London Police,-0.0760804712253,51.5114451026,On or near America Square,E01000005,City of London 001E,Anti-social behaviour,,
,2010-12,City of London Police,City of London Police,-0.0760804712253,51.5114451026,On or near America Square,E01000005,City of London 001E,Violent crime,,
,2010-12,City of London Police,City of London Police,-0.0753892023238,51.5117754792,On or near Minories,E01000005,City of London 001E,Violent crime,,
,2010-12,City of London Police,City of London Police,-0.0760804712253,51.5114451026,On or near America Square,E01000005,City of London 001E,Violent crime,,
,2010-12,City of London Police,City of London Police,-0.0760952950697,51.5124615077,On or near Vine Street,E01000005,City of London 001E,Violent crime,,
,2010-12,City of London Police,City of London Police,-0.0760804712253,51.5114451026,On or near America Square,E01000005,City of London 001E,Violent crime,,
,2010-12,City of London Police,City of London Police,-0.0760804712253,51.5114451026,On or near America Square,E01000005,City of London 001E,Other crime,,
,2010-12,City of London Police,City of London Police,-0.0760952950697,51.5124615077,On or near Vine Street,E01000005,City of London 001E,Other crime,,
,2010-12,City of London Police,City of London Police,-0.0760804712253,51.5114451026,On or near America Square,E01000005,City of London 001E,Other crime,,
,2010-12,City of London Police,City of London Police,-0.0760441379853,51.5126495128,On or near India Street,E01000005,City of London 001E,Other crime,,
,2010-12,City of London Police,City of London Police,-0.0753892023238,51.5117754792,On or near Minories,E01000005,City of London 001E,Other crime,,
,2010-12,City of London Police,City of London Police,-0.0760804712253,51.5114451026,On or near America Square,E01000005,City of London 001E,Other crime,,
,2010-12,City of London Police,City of London Police,-0.0742101558096,51.5117111623,On or near Portsoken Street,E01000005,City of London 001E,Other crime,,
,2010-12,City of London Police,City of London Police,-0.0756125198589,51.5146837477,On or near St. Botolph Street,E01000005,City of London 001E,Other crime,,
,2010-12,City of London Police,City of London Police,-0.0760952950697,51.5124615077,On or near Vine Street,E01000005,City of London 001E,Other crime,,
,2010-12,City of London Police,City of London Police,-0.0760441379853,51.5126495128,On or near India Street,E01000005,City of London 001E,Other crime,,
,2010-12,City of London Police,City of London Police,-0.0760804712253,51.5114451026,On or near America Square,E01000005,City of London 001E,Other crime,,
,2010-12,City of London Police,City of London Police,-0.0760441379853,51.5126495128,On or near India Street,E01000005,City of London 001E,Other crime,,
,2010-12,City of London Police,City of London Police,-0.0756125198589,51.5146837477,On or near St. Botolph Street,E01000005,City of London 001E,Other crime,,
,2010-12,City of London Police,City of London Police,-0.0749575699947,51.51415143,On or near Aldgate High Street,E01000005,City of London 001E,Other crime,,
,2010-12,City of London Police,City of London Police,-0.0749575699947,51.51415143,On or near Aldgate High Street,E01000005,City of London 001E,Other crime,,
,2010-12,City of London Police,City of London Police,-0.0756125198589,51.5146837477,On or near St. Botolph Street,E01000005,City of London 001E,Other crime,,
,2010-12,City of London Police,City of London Police,-0.0756125198589,51.5146837477,On or near St. Botolph Street,E01000005,City of London 001E,Other crime,,
,2010-12,City of London Police,City of London Police,-0.0760804712253,51.5114451026,On or near America Square,E01000005,City of London 001E,Other crime,,
,2010-12,City of London Police,City of London Police,-0.0756125198589,51.5146837477,On or near St. Botolph Street,E01000005,City of London 001E,Other crime,,
,2010-12,City of London Police,City of London Police,-0.07519555591,51.5126086117,On or near St. Clare Street,E01000005,City of London 001E,Other crime,,
,2010-12,City of London Police,City of London Police,-0.0756125198589,51.5146837477,On or near St. Botolph Street,E01000005,City of London 001E,Other crime,,
,2010-12,City of London Police,City of London Police,-0.0824584436402,51.5174306959,On or near Liverpool Street,E01032739,City of London 001F,Anti-social behaviour,,
,2010-12,City of London Police,City of London Police,-0.0847012538818,51.5093200721,On or near Lower Thames Street,E01032739,City of London 001F,Anti-social behaviour,,
,2010-12,City of London Police,City of London Police,-0.0898375219753,51.5160673302,On or near Coleman Street,E01032739,City of London 001F,Anti-social behaviour,,
,2010-12,City of London Police,City of London Police,-0.0792490984985,51.5104628913,On or near Seething Lane,E01032739,City of London 001F,Anti-social behaviour,,
,2010-12,City of London Police,City of London Police,-0.0882611613479,51.5099986415,On or near Arthur Street,E01032739,City of London 001F,Anti-social behaviour,,
,2010-12,City of London Police,City of London Police,-0.0824584436402,51.5174306959,On or near Liverpool Street,E01032739,City of London 001F,Anti-social behaviour,,
,2010-12,City of London Police,City of London Police,-0.0931980960205,51.5108343864,On or near Upper Thames Street,E01032739,City of London 001F,Anti-social behaviour,,
,2010-12,City of London Police,City of London Police,-0.0998000918841,51.5156446415,On or near Newgate Street,E01032739,City of London 001F,Anti-social behaviour,,
,2010-12,City of London Police,City of London Police,-0.0938954425011,51.5117359856,On or near Garlick Hill,E01032739,City of London 001F,Anti-social behaviour,,
,2010-12,City of London Police,City of London Police,-0.0824584436402,51.5174306959,On or near Liverpool Street,E01032739,City of London 001F,Anti-social behaviour,,
,2010-12,City of London Police,City of London Police,-0.0829132969499,51.5134634151,On or near Leadenhall Street,E01032739,City of London 001F,Anti-social behaviour,,
,2010-12,City of London Police,City of London Police,-0.0910783214567,51.5136235694,On or near Poultry,E01032739,City of London 001F,Anti-social behaviour,,
,2010-12,City of London Police,City of London Police,-0.0938954425011,51.5117359856,On or near Garlick Hill,E01032739,City of London 001F,Anti-social behaviour,,
,2010-12,City of London Police,City of London Police,-0.0867241701889,51.5174464024,On or near Finsbury Circus,E01032739,City of London 001F,Anti-social behaviour,,
,2010-12,City of London Police,City of London Police,-0.0895820316236,51.511494946,On or near Cannon Street,E01032739,City of London 001F,Anti-social behaviour,,
,2010-12,City of London Police,City of London Police,-0.0882611613479,51.5099986415,On or near Arthur Street,E01032739,City of London 001F,Anti-social behaviour,,
,2010-12,City of London Police,City of London Police,-0.0800339687609,51.5133893381,On or near Leadenhall Street,E01032739,City of London 001F,Anti-social behaviour,,
,2010-12,City of London Police,City of London Police,-0.0796129653663,51.5172312674,On or near New Street,E01032739,City of London 001F,Anti-social behaviour,,
,2010-12,City of London Police,City of London Police,-0.086369458347,51.5162805748,On or near Throgmorton Avenue,E01032739,City of London 001F,Anti-social behaviour,,
,2010-12,City of London Police,City of London Police,-0.0784884218514,51.517923263,On or near Middlesex Street,E01032739,City of London 001F,Anti-social behaviour,,
,2010-12,City of London Police,City of London Police,-0.0800339687609,51.5133893381,On or near Leadenhall Street,E01032739,City of London 001F,Anti-social behaviour,,
,2010-12,City of London Police,City of London Police,-0.0829650152995,51.5163508758,On or near Wormwood Street,E01032739,City of London 001F,Anti-social behaviour,,
,2010-12,City of London Police,City of London Police,-0.0850136366242,51.509774802,On or near Monument Street,E01032739,City of London 001F,Anti-social behaviour,,
,2010-12,City of London Police,City of London Police,-0.0882611613479,51.5099986415,On or near Arthur Street,E01032739,City of London 001F,Anti-social behaviour,,
,2010-12,City of London Police,City of London Police,-0.0830789341718,51.5115776818,On or near Fenchurch Street,E01032739,City of London 001F,Anti-social behaviour,,
,2010-12,City of London Police,City of London Police,-0.0791616637509,51.5149397635,On or near Bevis Marks,E01032739,City of London 001F,Anti-social behaviour,,
,2010-12,City of London Police,City of London Police,-0.0824584436402,51.5174306959,On or near Liverpool Street,E01032739,City of London 001F,Anti-social behaviour,,
,2010-12,City of London Police,City of London Police,-0.0824584436402,51.5174306959,On or near Liverpool Street,E01032739,City of London 001F,Anti-social behaviour,,
,2010-12,City of London Police,City of London Police,-0.0829650152995,51.5163508758,On or near Wormwood Street,E01032739,City of London 001F,Anti-social behaviour,,
,2010-12,City of London Police,City of London Police,-0.0865642471675,51.5133521759,On or near Cornhill,E01032739,City of London 001F,Anti-social behaviour,,
,2010-12,City of London Police,City of London Police,-0.0898375219753,51.5160673302,On or near Coleman Street,E01032739,City of London 001F,Anti-social behaviour,,
,2010-12,City of London Police,City of London Police,-0.0934925379789,51.5134470163,On or near Bow Lane,E01032739,City of London 001F,Anti-social behaviour,,
,2010-12,City of London Police,City of London Police,-0.0998000918841,51.5156446415,On or near Newgate Street,E01032739,City of London 001F,Anti-social behaviour,,
,2010-12,City of London Police,City of London Police,-0.0784884218514,51.517923263,On or near Middlesex Street,E01032739,City of London 001F,Anti-social behaviour,,
,2010-12,City of London Police,City of London Police,-0.0784884218514,51.517923263,On or near Middlesex Street,E01032739,City of London 001F,Anti-social behaviour,,
,2010-12,City of London Police,City of London Police,-0.0824584436402,51.5174306959,On or near Liverpool Street,E01032739,City of London 001F,Anti-social behaviour,,
,2010-12,City of London Police,City of London Police,-0.0865642471675,51.5133521759,On or near Cornhill,E01032739,City of London 001F,Anti-social behaviour,,
,2010-12,City of London Police,City of London Police,-0.0784884218514,51.517923263,On or near Middlesex Street,E01032739,City of London 001F,Anti-social behaviour,,
,2010-12,City of London Police,City of London Police,-0.0824584436402,51.5174306959,On or near Liverpool Street,E01032739,City of London 001F,Anti-social behaviour,,
,2010-12,City of London Police,City of London Police,-0.0934925379789,51.5134470163,On or near Bow Lane,E01032739,City of London 001F,Anti-social behaviour,,
,2010-12,City of London Police,City of London Police,-0.0840063661646,51.513517247,On or near Bishopsgate,E01032739,City of London 001F,Anti-social behaviour,,
,2010-12,City of London Police,City of London Police,-0.0870859259647,51.5125963172,On or near Lombard Street,E01032739,City of London 001F,Anti-social behaviour,,
,2010-12,City of London Police,City of London Police,-0.0784884218514,51.517923263,On or near Middlesex Street,E01032739,City of London 001F,Anti-social behaviour,,
,2010-12,City of London Police,City of London Police,-0.0784884218514,51.517923263,On or near Middlesex Street,E01032739,City of London 001F,Anti-social behaviour,,
,2010-12,City of London Police,City of London Police,-0.0798082338309,51.5115601492,On or near London Street,E01032739,City of London 001F,Anti-social behaviour,,
,2010-12,City of London Police,City of London Police,-0.0829132969499,51.5134634151,On or near Leadenhall Street,E01032739,City of London 001F,Anti-social behaviour,,
,2010-12,City of London Police,City of London Police,-0.0865642471675,51.5133521759,On or near Cornhill,E01032739,City of London 001F,Anti-social behaviour,,
,2010-12,City of London Police,City of London Police,-0.0934925379789,51.5134470163,On or near Bow Lane,E01032739,City of London 001F,Anti-social behaviour,,
,2010-12,City of London Police,City of London Police,-0.0847012538818,51.5093200721,On or near Lower Thames Street,E01032739,City of London 001F,Anti-social behaviour,,
,2010-12,City of London Police,City of London Police,-0.0784884218514,51.517923263,On or near Middlesex Street,E01032739,City of London 001F,Anti-social behaviour,,
,2010-12,City of London Police,City of London Police,-0.0931980960205,51.5108343864,On or near Upper Thames Street,E01032739,City of London 001F,Anti-social behaviour,,
,2010-12,City of London Police,City of London Police,-0.0882611613479,51.5099986415,On or near Arthur Street,E01032739,City of London 001F,Anti-social behaviour,,
,2010-12,City of London Police,City of London Police,-0.0798082338309,51.5115601492,On or near London Street,E01032739,City of London 001F,Anti-social behaviour,,
,2010-12,City of London Police,City of London Police,-0.0869768214406,51.5114165109,On or near Clement'S Lane,E01032739,City of London 001F,Anti-social behaviour,,
,2010-12,City of London Police,City of London Police,-0.0957966028617,51.5128010121,On or near Cannon Street,E01032739,City of London 001F,Anti-social behaviour,,
,2010-12,City of London Police,City of London Police,-0.0798082338309,51.5115601492,On or near London Street,E01032739,City of London 001F,Anti-social behaviour,,
,2010-12,City of London Police,City of London Police,-0.0869768214406,51.5114165109,On or near Clement'S Lane,E01032739,City of London 001F,Anti-social behaviour,,
,2010-12,City of London Police,City of London Police,-0.101575141944,51.5138568907,On or near Ludgate Hill,E01032739,City of London 001F,Anti-social behaviour,,
,2010-12,City of London Police,City of London Police,-0.0869768214406,51.5114165109,On or near Clement'S Lane,E01032739,City of London 001F,Anti-social behaviour,,
,2010-12,City of London Police,City of London Police,-0.0938954425011,51.5117359856,On or near Garlick Hill,E01032739,City of London 001F,Anti-social behaviour,,
,2010-12,City of London Police,City of London Police,-0.0824584436402,51.5174306959,On or near Liverpool Street,E01032739,City of London 001F,Anti-social behaviour,,
,2010-12,City of London Police,City of London Police,-0.0934925379789,51.5134470163,On or near Bow Lane,E01032739,City of London 001F,Anti-social behaviour,,
,2010-12,City of London Police,City of London Police,-0.101575141944,51.5138568907,On or near Ludgate Hill,E01032739,City of London 001F,Anti-social behaviour,,
,2010-12,City of London Police,City of London Police,-0.0865642471675,51.5133521759,On or near Cornhill,E01032739,City of London 001F,Anti-social behaviour,,
,2010-12,City of London Police,City of London Police,-0.101575141944,51.5138568907,On or near Ludgate Hill,E01032739,City of London 001F,Anti-social behaviour,,
,2010-12,City of London Police,City of London Police,-0.0784884218514,51.517923263,On or near Middlesex Street,E01032739,City of London 001F,Anti-social behaviour,,
,2010-12,City of London Police,City of London Police,-0.0865642471675,51.5133521759,On or near Cornhill,E01032739,City of London 001F,Anti-social behaviour,,
,2010-12,City of London Police,City of London Police,-0.0784884218514,51.517923263,On or near Middlesex Street,E01032739,City of London 001F,Anti-social behaviour,,
,2010-12,City of London Police,City of London Police,-0.0934925379789,51.5134470163,On or near Bow Lane,E01032739,City of London 001F,Anti-social behaviour,,
,2010-12,City of London Police,City of London Police,-0.0898375219753,51.5160673302,On or near Coleman Street,E01032739,City of London 001F,Anti-social behaviour,,
,2010-12,City of London Police,City of London Police,-0.0784884218514,51.517923263,On or near Middlesex Street,E01032739,City of London 001F,Anti-social behaviour,,
,2010-12,City of London Police,City of London Police,-0.0824584436402,51.5174306959,On or near Liverpool Street,E01032739,City of London 001F,Anti-social behaviour,,
,2010-12,City of London Police,City of London Police,-0.0867241701889,51.5174464024,On or near Finsbury Circus,E01032739,City of London 001F,Anti-social behaviour,,
,2010-12,City of London Police,City of London Police,-0.0865642471675,51.5133521759,On or near Cornhill,E01032739,City of London 001F,Anti-social behaviour,,
,2010-12,City of London Police,City of London Police,-0.0934925379789,51.5134470163,On or near Bow Lane,E01032739,City of London 001F,Anti-social behaviour,,
,2010-12,City of London Police,City of London Police,-0.0824584436402,51.5174306959,On or near Liverpool Street,E01032739,City of London 001F,Anti-social behaviour,,
,2010-12,City of London Police,City of London Police,-0.0934925379789,51.5134470163,On or near Bow Lane,E01032739,City of London 001F,Anti-social behaviour,,
,2010-12,City of London Police,City of London Police,-0.0829650152995,51.5163508758,On or near Wormwood Street,E01032739,City of London 001F,Anti-social behaviour,,
,2010-12,City of London Police,City of London Police,-0.0784884218514,51.517923263,On or near Middlesex Street,E01032739,City of London 001F,Anti-social behaviour,,
,2010-12,City of London Police,City of London Police,-0.0824584436402,51.5174306959,On or near Liverpool Street,E01032739,City of London 001F,Anti-social behaviour,,
,2010-12,City of London Police,City of London Police,-0.0865642471675,51.5133521759,On or near Cornhill,E01032739,City of London 001F,Anti-social behaviour,,
,2010-12,City of London Police,City of London Police,-0.0847012538818,51.5093200721,On or near Lower Thames Street,E01032739,City of London 001F,Anti-social behaviour,,
,2010-12,City of London Police,City of London Police,-0.0898375219753,51.5160673302,On or near Coleman Street,E01032739,City of London 001F,Anti-social behaviour,,
,2010-12,City of London Police,City of London Police,-0.0882611613479,51.5099986415,On or near Arthur Street,E01032739,City of London 001F,Anti-social behaviour,,
,2010-12,City of London Police,City of London Police,-0.0784884218514,51.517923263,On or near Middlesex Street,E01032739,City of London 001F,Anti-social behaviour,,
,2010-12,City of London Police,City of London Police,-0.0784884218514,51.517923263,On or near Middlesex Street,E01032739,City of London 001F,Anti-social behaviour,,
,2010-12,City of London Police,City of London Police,-0.0796129653663,51.5172312674,On or near New Street,E01032739,City of London 001F,Anti-social behaviour,,
,2010-12,City of London Police,City of London Police,-0.0824584436402,51.5174306959,On or near Liverpool Street,E01032739,City of London 001F,Anti-social behaviour,,
,2010-12,City of London Police,City of London Police,-0.0784884218514,51.517923263,On or near Middlesex Street,E01032739,City of London 001F,Anti-social behaviour,,
,2010-12,City of London Police,City of London Police,-0.0869768214406,51.5114165109,On or near Clement'S Lane,E01032739,City of London 001F,Anti-social behaviour,,
,2010-12,City of London Police,City of London Police,-0.0784884218514,51.517923263,On or near Middlesex Street,E01032739,City of London 001F,Anti-social behaviour,,
,2010-12,City of London Police,City of London Police,-0.0824584436402,51.5174306959,On or near Liverpool Street,E01032739,City of London 001F,Anti-social behaviour,,
,2010-12,City of London Police,City of London Police,-0.0959575837161,51.5110141062,On or near High Timber Street,E01032739,City of London 001F,Anti-social behaviour,,
,2010-12,City of London Police,City of London Police,-0.0959575837161,51.5110141062,On or near High Timber Street,E01032739,City of London 001F,Anti-social behaviour,,
,2010-12,City of London Police,City of London Police,-0.092718659473,51.5126520812,On or near Queen Victoria Street,E01032739,City of London 001F,Burglary,,
,2010-12,City of London Police,City of London Police,-0.0882034360581,51.5182618688,On or near Moorgate,E01032739,City of London 001F,Burglary,,
,2010-12,City of London Police,City of London Police,-0.0867241701889,51.5174464024,On or near Finsbury Circus,E01032739,City of London 001F,Burglary,,
,2010-12,City of London Police,City of London Police,-0.0850967683015,51.511916392,On or near Gracechurch Street,E01032739,City of London 001F,Burglary,,
,2010-12,City of London Police,City of London Police,-0.0796129653663,51.5172312674,On or near New Street,E01032739,City of London 001F,Burglary,,
,2010-12,City of London Police,City of London Police,-0.0867279442225,51.5104772237,On or near King William Street,E01032739,City of London 001F,Robbery,,
,2010-12,City of London Police,City of London Police,-0.0829650152995,51.5163508758,On or near Wormwood Street,E01032739,City of London 001F,Robbery,,
,2010-12,City of London Police,City of London Police,-0.0798082338309,51.5115601492,On or near London Street,E01032739,City of London 001F,Robbery,,
,2010-12,City of London Police,City of London Police,-0.0946283849777,51.514202864,On or near Cheapside,E01032739,City of London 001F,Robbery,,
,2010-12,City of London Police,City of London Police,-0.0803220229418,51.5106513168,On or near Mark Lane,E01032739,City of London 001F,Vehicle crime,,
,2010-12,City of London Police,City of London Police,-0.0853102255365,51.5185114293,On or near Eldon Street,E01032739,City of London 001F,Vehicle crime,,
,2010-12,City of London Police,City of London Police,-0.0781266994321,51.5121351096,On or near Lloyd'S Avenue,E01032739,City of London 001F,Vehicle crime,,
,2010-12,City of London Police,City of London Police,-0.0776366054781,51.511452634,On or near Crutched Friars,E01032739,City of London 001F,Vehicle crime,,
,2010-12,City of London Police,City of London Police,-0.0776366054781,51.511452634,On or near Crutched Friars,E01032739,City of London 001F,Vehicle crime,,
,2010-12,City of London Police,City of London Police,-0.0898375219753,51.5160673302,On or near Coleman Street,E01032739,City of London 001F,Vehicle crime,,
,2010-12,City of London Police,City of London Police,-0.0781266994321,51.5121351096,On or near Lloyd'S Avenue,E01032739,City of London 001F,Vehicle crime,,
,2010-12,City of London Police,City of London Police,-0.0991177245093,51.5126480567,On or near Godliman Street,E01032739,City of London 001F,Vehicle crime,,
,2010-12,City of London Police,City of London Police,-0.0775778123528,51.5107952118,On or near Pepys Street,E01032739,City of London 001F,Vehicle crime,,
,2010-12,City of London Police,City of London Police,-0.0842843057124,51.5106711414,On or near Eastcheap,E01032739,City of London 001F,Vehicle crime,,
,2010-12,City of London Police,City of London Police,-0.0959575837161,51.5110141062,On or near High Timber Street,E01032739,City of London 001F,Violent crime,,
,2010-12,City of London Police,City of London Police,-0.0991177245093,51.5126480567,On or near Godliman Street,E01032739,City of London 001F,Violent crime,,
,2010-12,City of London Police,City of London Police,-0.0829132969499,51.5134634151,On or near Leadenhall Street,E01032739,City of London 001F,Violent crime,,
,2010-12,City of London Police,City of London Police,-0.0796129653663,51.5172312674,On or near New Street,E01032739,City of London 001F,Violent crime,,
,2010-12,City of London Police,City of London Police,-0.0998000918841,51.5156446415,On or near Newgate Street,E01032739,City of London 001F,Violent crime,,
,2010-12,City of London Police,City of London Police,-0.0796129653663,51.5172312674,On or near New Street,E01032739,City of London 001F,Violent crime,,
,2010-12,City of London Police,City of London Police,-0.0869768214406,51.5114165109,On or near Clement'S Lane,E01032739,City of London 001F,Violent crime,,
,2010-12,City of London Police,City of London Police,-0.0922683637971,51.5144612553,On or near King Street,E01032739,City of London 001F,Violent crime,,
,2010-12,City of London Police,City of London Police,-0.0825709103274,51.5147527486,On or near Great St. Helen'S,E01032739,City of London 001F,Violent crime,,
,2010-12,City of London Police,City of London Police,-0.0832956703215,51.5170577001,On or near Old Broad Street,E01032739,City of London 001F,Violent crime,,
,2010-12,City of London Police,City of London Police,-0.0796129653663,51.5172312674,On or near New Street,E01032739,City of London 001F,Violent crime,,
,2010-12,City of London Police,City of London Police,-0.0934925379789,51.5134470163,On or near Bow Lane,E01032739,City of London 001F,Violent crime,,
,2010-12,City of London Police,City of London Police,-0.0862715907377,51.5131135942,On or near Birchin Lane,E01032739,City of London 001F,Violent crime,,
,2010-12,City of London Police,City of London Police,-0.0867279442225,51.5104772237,On or near King William Street,E01032739,City of London 001F,Violent crime,,
,2010-12,City of London Police,City of London Police,-0.0946283849777,51.514202864,On or near Cheapside,E01032739,City of London 001F,Violent crime,,
,2010-12,City of London Police,City of London Police,-0.10127357374,51.512790888,On or near St. Andrew'S Hill,E01032739,City of London 001F,Violent crime,,
,2010-12,City of London Police,City of London Police,-0.0865642471675,51.5133521759,On or near Cornhill,E01032739,City of London 001F,Violent crime,,
,2010-12,City of London Police,City of London Police,-0.0865642471675,51.5133521759,On or near Cornhill,E01032739,City of London 001F,Violent crime,,
,2010-12,City of London Police,City of London Police,-0.0815160980276,51.510014397,On or near Great Tower Street,E01032739,City of London 001F,Violent crime,,
,2010-12,City of London Police,City of London Police,-0.0784884218514,51.517923263,On or near Middlesex Street,E01032739,City of London 001F,Violent crime,,
,2010-12,City of London Police,City of London Police,-0.0829132969499,51.5134634151,On or near Leadenhall Street,E01032739,City of London 001F,Violent crime,,
,2010-12,City of London Police,City of London Police,-0.0802341604053,51.5168547561,On or near Devonshire Row,E01032739,City of London 001F,Violent crime,,
,2010-12,City of London Police,City of London Police,-0.0850136366242,51.509774802,On or near Monument Street,E01032739,City of London 001F,Violent crime,,
,2010-12,City of London Police,City of London Police,-0.0815160980276,51.510014397,On or near Great Tower Street,E01032739,City of London 001F,Violent crime,,
,2010-12,City of London Police,City of London Police,-0.0802341604053,51.5168547561,On or near Devonshire Row,E01032739,City of London 001F,Violent crime,,
,2010-12,City of London Police,City of London Police,-0.0845663458739,51.5176899528,On or near Blomfield Street,E01032739,City of London 001F,Violent crime,,
,2010-12,City of London Police,City of London Police,-0.0998000918841,51.5156446415,On or near Newgate Street,E01032739,City of London 001F,Violent crime,,
,2010-12,City of London Police,City of London Police,-0.092718659473,51.5126520812,On or near Queen Victoria Street,E01032739,City of London 001F,Violent crime,,
,2010-12,City of London Police,City of London Police,-0.10127357374,51.512790888,On or near St. Andrew'S Hill,E01032739,City of London 001F,Violent crime,,
,2010-12,City of London Police,City of London Police,-0.0957966028617,51.5128010121,On or near Cannon Street,E01032739,City of London 001F,Violent crime,,
,2010-12,City of London Police,City of London Police,-0.09976321524,51.5134138911,On or near St. Paul'S Churchyard,E01032739,City of London 001F,Violent crime,,
,2010-12,City of London Police,City of London Police,-0.0796129653663,51.5172312674,On or near New Street,E01032739,City of London 001F,Violent crime,,
,2010-12,City of London Police,City of London Police,-0.0946283849777,51.514202864,On or near Cheapside,E01032739,City of London 001F,Violent crime,,
,2010-12,City of London Police,City of London Police,-0.0991177245093,51.5126480567,On or near Godliman Street,E01032739,City of London 001F,Violent crime,,
,2010-12,City of London Police,City of London Police,-0.0850967683015,51.511916392,On or near Gracechurch Street,E01032739,City of London 001F,Other crime,,
,2010-12,City of London Police,City of London Police,-0.0796129653663,51.5172312674,On or near New Street,E01032739,City of London 001F,Other crime,,
,2010-12,City of London Police,City of London Police,-0.0865642471675,51.5133521759,On or near Cornhill,E01032739,City of London 001F,Other crime,,
,2010-12,City of London Police,City of London Police,-0.0865642471675,51.5133521759,On or near Cornhill,E01032739,City of London 001F,Other crime,,
,2010-12,City of London Police,City of London Police,-0.0865642471675,51.5133521759,On or near Cornhill,E01032739,City of London 001F,Other crime,,
,2010-12,City of London Police,City of London Police,-0.0796129653663,51.5172312674,On or near New Street,E01032739,City of London 001F,Other crime,,
,2010-12,City of London Police,City of London Police,-0.10127357374,51.512790888,On or near St. Andrew'S Hill,E01032739,City of London 001F,Other crime,,
,2010-12,City of London Police,City of London Police,-0.0922683637971,51.5144612553,On or near King Street,E01032739,City of London 001F,Other crime,,
,2010-12,City of London Police,City of London Police,-0.0824584436402,51.5174306959,On or near Liverpool Street,E01032739,City of London 001F,Other crime,,
,2010-12,City of London Police,City of London Police,-0.0877600011237,51.517148555,On or near London Wall,E01032739,City of London 001F,Other crime,,
,2010-12,City of London Police,City of London Police,-0.0853102255365,51.5185114293,On or near Eldon Street,E01032739,City of London 001F,Other crime,,
,2010-12,City of London Police,City of London Police,-0.0853102255365,51.5185114293,On or near Eldon Street,E01032739,City of London 001F,Other crime,,
,2010-12,City of London Police,City of London Police,-0.0853102255365,51.5185114293,On or near Eldon Street,E01032739,City of London 001F,Other crime,,
,2010-12,City of London Police,City of London Police,-0.0850967683015,51.511916392,On or near Gracechurch Street,E01032739,City of London 001F,Other crime,,
,2010-12,City of London Police,City of London Police,-0.0839723752321,51.5105491423,On or near Lovat Lane,E01032739,City of London 001F,Other crime,,
,2010-12,City of London Police,City of London Police,-0.0998000918841,51.5156446415,On or near Newgate Street,E01032739,City of London 001F,Other crime,,
,2010-12,City of London Police,City of London Police,-0.0825268256255,51.5120272781,On or near Cullum Street,E01032739,City of London 001F,Other crime,,
,2010-12,City of London Police,City of London Police,-0.0797795146672,51.512243115,On or near Fenchurch Street,E01032739,City of London 001F,Other crime,,
,2010-12,City of London Police,City of London Police,-0.0910783214567,51.5136235694,On or near Poultry,E01032739,City of London 001F,Other crime,,
,2010-12,City of London Police,City of London Police,-0.0933979561513,51.5129508879,On or near Watling Street,E01032739,City of London 001F,Other crime,,
,2010-12,City of London Police,City of London Police,-0.0840950262277,51.5168999015,On or near New Broad Street,E01032739,City of London 001F,Other crime,,
,2010-12,City of London Police,City of London Police,-0.0830789341718,51.5115776818,On or near Fenchurch Street,E01032739,City of London 001F,Other crime,,
,2010-12,City of London Police,City of London Police,-0.0865642471675,51.5133521759,On or near Cornhill,E01032739,City of London 001F,Other crime,,
,2010-12,City of London Police,City of London Police,-0.0829132969499,51.5134634151,On or near Leadenhall Street,E01032739,City of London 001F,Other crime,,
,2010-12,City of London Police,City of London Police,-0.0839723752321,51.5105491423,On or near Lovat Lane,E01032739,City of London 001F,Other crime,,
,2010-12,City of London Police,City of London Police,-0.0796129653663,51.5172312674,On or near New Street,E01032739,City of London 001F,Other crime,,
,2010-12,City of London Police,City of London Police,-0.0784884218514,51.517923263,On or near Middlesex Street,E01032739,City of London 001F,Other crime,,
,2010-12,City of London Police,City of London Police,-0.0998000918841,51.5156446415,On or near Newgate Street,E01032739,City of London 001F,Other crime,,
,2010-12,City of London Police,City of London Police,-0.0882611613479,51.5099986415,On or near Arthur Street,E01032739,City of London 001F,Other crime,,
,2010-12,City of London Police,City of London Police,-0.0946283849777,51.514202864,On or near Cheapside,E01032739,City of London 001F,Other crime,,
,2010-12,City of London Police,City of London Police,-0.0796129653663,51.5172312674,On or near New Street,E01032739,City of London 001F,Other crime,,
,2010-12,City of London Police,City of London Police,-0.0825709103274,51.5147527486,On or near Great St. Helen'S,E01032739,City of London 001F,Other crime,,
,2010-12,City of London Police,City of London Police,-0.0825709103274,51.5147527486,On or near Great St. Helen'S,E01032739,City of London 001F,Other crime,,
,2010-12,City of London Police,City of London Police,-0.0792490984985,51.5104628913,On or near Seething Lane,E01032739,City of London 001F,Other crime,,
,2010-12,City of London Police,City of London Police,-0.0998000918841,51.5156446415,On or near Newgate Street,E01032739,City of London 001F,Other crime,,
,2010-12,City of London Police,City of London Police,-0.0824584436402,51.5174306959,On or near Liverpool Street,E01032739,City of London 001F,Other crime,,
,2010-12,City of London Police,City of London Police,-0.0802341604053,51.5168547561,On or near Devonshire Row,E01032739,City of London 001F,Other crime,,
,2010-12,City of London Police,City of London Police,-0.0850967683015,51.511916392,On or near Gracechurch Street,E01032739,City of London 001F,Other crime,,
,2010-12,City of London Police,City of London Police,-0.0775778123528,51.5107952118,On or near Pepys Street,E01032739,City of London 001F,Other crime,,
,2010-12,City of London Police,City of London Police,-0.101575141944,51.5138568907,On or near Ludgate Hill,E01032739,City of London 001F,Other crime,,
,2010-12,City of London Police,City of London Police,-0.0929262484071,51.511477431,On or near Queen Street,E01032739,City of London 001F,Other crime,,
,2010-12,City of London Police,City of London Police,-0.0830789341718,51.5115776818,On or near Fenchurch Street,E01032739,City of London 001F,Other crime,,
,2010-12,City of London Police,City of London Police,-0.0845663458739,51.5176899528,On or near Blomfield Street,E01032739,City of London 001F,Other crime,,
,2010-12,City of London Police,City of London Police,-0.0845663458739,51.5176899528,On or near Blomfield Street,E01032739,City of London 001F,Other crime,,
,2010-12,City of London Police,City of London Police,-0.089218184222,51.516057242,On or near Moorgate,E01032739,City of London 001F,Other crime,,
,2010-12,City of London Police,City of London Police,-0.0865642471675,51.5133521759,On or near Cornhill,E01032739,City of London 001F,Other crime,,
,2010-12,City of London Police,City of London Police,-0.0842843057124,51.5106711414,On or near Eastcheap,E01032739,City of London 001F,Other crime,,
,2010-12,City of London Police,City of London Police,-0.0832956703215,51.5170577001,On or near Old Broad Street,E01032739,City of London 001F,Other crime,,
,2010-12,City of London Police,City of London Police,-0.0815160980276,51.510014397,On or near Great Tower Street,E01032739,City of London 001F,Other crime,,
,2010-12,City of London Police,City of London Police,-0.0850967683015,51.511916392,On or near Gracechurch Street,E01032739,City of London 001F,Other crime,,
,2010-12,City of London Police,City of London Police,-0.0957966028617,51.5128010121,On or near Cannon Street,E01032739,City of London 001F,Other crime,,
,2010-12,City of London Police,City of London Police,-0.0825709103274,51.5147527486,On or near Great St. Helen'S,E01032739,City of London 001F,Other crime,,
,2010-12,City of London Police,City of London Police,-0.0842006113916,51.5109485441,On or near Philpot Lane,E01032739,City of London 001F,Other crime,,
,2010-12,City of London Police,City of London Police,-0.0946283849777,51.514202864,On or near Cheapside,E01032739,City of London 001F,Other crime,,
,2010-12,City of London Police,City of London Police,-0.0862715907377,51.5131135942,On or near Birchin Lane,E01032739,City of London 001F,Other crime,,
,2010-12,City of London Police,City of London Police,-0.0829650152995,51.5163508758,On or near Wormwood Street,E01032739,City of London 001F,Other crime,,
,2010-12,City of London Police,City of London Police,-0.0775778123528,51.5107952118,On or near Pepys Street,E01032739,City of London 001F,Other crime,,
,2010-12,City of London Police,City of London Police,-0.0946283849777,51.514202864,On or near Cheapside,E01032739,City of London 001F,Other crime,,
,2010-12,City of London Police,City of London Police,-0.0898375219753,51.5160673302,On or near Coleman Street,E01032739,City of London 001F,Other crime,,
,2010-12,City of London Police,City of London Police,-0.0793983486191,51.5165083475,On or near Devonshire Square,E01032739,City of London 001F,Other crime,,
,2010-12,City of London Police,City of London Police,-0.0991177245093,51.5126480567,On or near Godliman Street,E01032739,City of London 001F,Other crime,,
,2010-12,City of London Police,City of London Police,-0.0910783214567,51.5136235694,On or near Poultry,E01032739,City of London 001F,Other crime,,
,2010-12,City of London Police,City of London Police,-0.0865642471675,51.5133521759,On or near Cornhill,E01032739,City of London 001F,Other crime,,
,2010-12,City of London Police,City of London Police,-0.0840063661646,51.513517247,On or near Bishopsgate,E01032739,City of London 001F,Other crime,,
,2010-12,City of London Police,City of London Police,-0.0998000918841,51.5156446415,On or near Newgate Street,E01032739,City of London 001F,Other crime,,
,2010-12,City of London Police,City of London Police,-0.0856694716836,51.5151001183,On or near Austin Friars,E01032739,City of London 001F,Other crime,,
,2010-12,City of London Police,City of London Police,-0.0856694716836,51.5151001183,On or near Austin Friars,E01032739,City of London 001F,Other crime,,
,2010-12,City of London Police,City of London Police,-0.0784884218514,51.517923263,On or near Middlesex Street,E01032739,City of London 001F,Other crime,,
,2010-12,City of London Police,City of London Police,-0.0840063661646,51.513517247,On or near Bishopsgate,E01032739,City of London 001F,Other crime,,
,2010-12,City of London Police,City of London Police,-0.0865642471675,51.5133521759,On or near Cornhill,E01032739,City of London 001F,Other crime,,
,2010-12,City of London Police,City of London Police,-0.0865642471675,51.5133521759,On or near Cornhill,E01032739,City of London 001F,Other crime,,
,2010-12,City of London Police,City of London Police,-0.09976321524,51.5134138911,On or near St. Paul'S Churchyard,E01032739,City of London 001F,Other crime,,
,2010-12,City of London Police,City of London Police,-0.0829650152995,51.5163508758,On or near Wormwood Street,E01032739,City of London 001F,Other crime,,
,2010-12,City of London Police,City of London Police,-0.0783068618498,51.5136757928,On or near Mitre Street,E01032739,City of London 001F,Other crime,,
,2010-12,City of London Police,City of London Police,-0.0998000918841,51.5156446415,On or near Newgate Street,E01032739,City of London 001F,Other crime,,
,2010-12,City of London Police,City of London Police,-0.0882611613479,51.5099986415,On or near Arthur Street,E01032739,City of London 001F,Other crime,,
,2010-12,City of London Police,City of London Police,-0.0889951663384,51.5120878872,On or near St. Swithin'S Lane,E01032739,City of London 001F,Other crime,,
,2010-12,City of London Police,City of London Police,-0.088233289952,51.5154836537,On or near Tokenhouse Yard,E01032739,City of London 001F,Other crime,,
,2010-12,City of London Police,City of London Police,-0.0865642471675,51.5133521759,On or near Cornhill,E01032739,City of London 001F,Other crime,,
,2010-12,City of London Police,City of London Police,-0.0796129653663,51.5172312674,On or near New Street,E01032739,City of London 001F,Other crime,,
,2010-12,City of London Police,City of London Police,-0.0865642471675,51.5133521759,On or near Cornhill,E01032739,City of London 001F,Other crime,,
,2010-12,City of London Police,City of London Police,-0.092718659473,51.5126520812,On or near Queen Victoria Street,E01032739,City of London 001F,Other crime,,
,2010-12,City of London Police,City of London Police,-0.0800339687609,51.5133893381,On or near Leadenhall Street,E01032739,City of London 001F,Other crime,,
,2010-12,City of London Police,City of London Police,-0.0779354826572,51.5142812026,On or near Dukes Place,E01032739,City of London 001F,Other crime,,
,2010-12,City of London Police,City of London Police,-0.0793983486191,51.5165083475,On or near Devonshire Square,E01032739,City of London 001F,Other crime,,
,2010-12,City of London Police,City of London Police,-0.0796129653663,51.5172312674,On or near New Street,E01032739,City of London 001F,Other crime,,
,2010-12,City of London Police,City of London Police,-0.0853102255365,51.5185114293,On or near Eldon Street,E01032739,City of London 001F,Other crime,,
,2010-12,City of London Police,City of London Police,-0.0803220229418,51.5106513168,On or near Mark Lane,E01032739,City of London 001F,Other crime,,
,2010-12,City of London Police,City of London Police,-0.0825709103274,51.5147527486,On or near Great St. Helen'S,E01032739,City of London 001F,Other crime,,
,2010-12,City of London Police,City of London Police,-0.0815160980276,51.510014397,On or near Great Tower Street,E01032739,City of London 001F,Other crime,,
,2010-12,City of London Police,City of London Police,-0.0933979561513,51.5129508879,On or near Watling Street,E01032739,City of London 001F,Other crime,,
,2010-12,City of London Police,City of London Police,-0.0865642471675,51.5133521759,On or near Cornhill,E01032739,City of London 001F,Other crime,,
,2010-12,City of London Police,City of London Police,-0.0946283849777,51.514202864,On or near Cheapside,E01032739,City of London 001F,Other crime,,
,2010-12,City of London Police,City of London Police,-0.0829132969499,51.5134634151,On or near Leadenhall Street,E01032739,City of London 001F,Other crime,,
,2010-12,City of London Police,City of London Police,-0.0829132969499,51.5134634151,On or near Leadenhall Street,E01032739,City of London 001F,Other crime,,
,2010-12,City of London Police,City of London Police,-0.0882034360581,51.5182618688,On or near Moorgate,E01032739,City of London 001F,Other crime,,
,2010-12,City of London Police,City of London Police,-0.0784884218514,51.517923263,On or near Middlesex Street,E01032739,City of London 001F,Other crime,,
,2010-12,City of London Police,City of London Police,-0.0784884218514,51.517923263,On or near Middlesex Street,E01032739,City of London 001F,Other crime,,
,2010-12,City of London Police,City of London Police,-0.0781266994321,51.5121351096,On or near Lloyd'S Avenue,E01032739,City of London 001F,Other crime,,
,2010-12,City of London Police,City of London Police,-0.09976321524,51.5134138911,On or near St. Paul'S Churchyard,E01032739,City of London 001F,Other crime,,
,2010-12,City of London Police,City of London Police,-0.0840950262277,51.5168999015,On or near New Broad Street,E01032739,City of London 001F,Other crime,,
,2010-12,City of London Police,City of London Police,-0.0853102255365,51.5185114293,On or near Eldon Street,E01032739,City of London 001F,Other crime,,
,2010-12,City of London Police,City of London Police,-0.0895820316236,51.511494946,On or near Cannon Street,E01032739,City of London 001F,Other crime,,
,2010-12,City of London Police,City of London Police,-0.0775778123528,51.5107952118,On or near Pepys Street,E01032739,City of London 001F,Other crime,,
,2010-12,City of London Police,City of London Police,-0.0793983486191,51.5165083475,On or near Devonshire Square,E01032739,City of London 001F,Other crime,,
,2010-12,City of London Police,City of London Police,-0.0853102255365,51.5185114293,On or near Eldon Street,E01032739,City of London 001F,Other crime,,
,2010-12,City of London Police,City of London Police,-0.0791952720172,51.5137982567,On or near Creechurch Lane,E01032739,City of London 001F,Other crime,,
,2010-12,City of London Police,City of London Police,-0.0910783214567,51.5136235694,On or near Poultry,E01032739,City of London 001F,Other crime,,
,2010-12,City of London Police,City of London Police,-0.0877600011237,51.517148555,On or near London Wall,E01032739,City of London 001F,Other crime,,
,2010-12,City of London Police,City of London Police,-0.101958740723,51.5132965684,On or near Carter Lane,E01032739,City of London 001F,Other crime,,
,2010-12,City of London Police,City of London Police,-0.0832956703215,51.5170577001,On or near Old Broad Street,E01032739,City of London 001F,Other crime,,
,2010-12,City of London Police,City of London Police,-0.084656747781,51.5151914954,On or near Old Broad Street,E01032739,City of London 001F,Other crime,,
,2010-12,City of London Police,City of London Police,-0.08115824292,51.5168159223,On or near Bishopsgate,E01032739,City of London 001F,Other crime,,
,2010-12,City of London Police,City of London Police,-0.09976321524,51.5134138911,On or near St. Paul'S Churchyard,E01032739,City of London 001F,Other crime,,
,2010-12,City of London Police,City of London Police,-0.092718659473,51.5126520812,On or near Queen Victoria Street,E01032739,City of London 001F,Other crime,,
,2010-12,City of London Police,City of London Police,-0.0998000918841,51.5156446415,On or near Newgate Street,E01032739,City of London 001F,Other crime,,
,2010-12,City of London Police,City of London Police,-0.09976321524,51.5134138911,On or near St. Paul'S Churchyard,E01032739,City of London 001F,Other crime,,
,2010-12,City of London Police,City of London Police,-0.0998000918841,51.5156446415,On or near Newgate Street,E01032739,City of London 001F,Other crime,,
,2010-12,City of London Police,City of London Police,-0.0865642471675,51.5133521759,On or near Cornhill,E01032739,City of London 001F,Other crime,,
,2010-12,City of London Police,City of London Police,-0.0812807667396,51.5125284691,On or near Fenchurch Avenue,E01032739,City of London 001F,Other crime,,
,2010-12,City of London Police,City of London Police,-0.092718659473,51.5126520812,On or near Queen Victoria Street,E01032739,City of London 001F,Other crime,,
,2010-12,City of London Police,City of London Police,-0.08778725278,51.5106473734,On or near Martin Lane,E01032739,City of London 001F,Other crime,,
,2010-12,City of London Police,City of London Police,-0.0933979561513,51.5129508879,On or near Watling Street,E01032739,City of London 001F,Other crime,,
,2010-12,City of London Police,City of London Police,-0.0998000918841,51.5156446415,On or near Newgate Street,E01032739,City of London 001F,Other crime,,
,2010-12,City of London Police,City of London Police,-0.0867241701889,51.5174464024,On or near Finsbury Circus,E01032739,City of London 001F,Other crime,,
,2010-12,City of London Police,City of London Police,-0.0800339687609,51.5133893381,On or near Leadenhall Street,E01032739,City of London 001F,Other crime,,
,2010-12,City of London Police,City of London Police,-0.0840950262277,51.5168999015,On or near New Broad Street,E01032739,City of London 001F,Other crime,,
,2010-12,City of London Police,City of London Police,-0.0783083905946,51.5180911724,On or near Widegate Street,E01032739,City of London 001F,Other crime,,
,2010-12,City of London Police,City of London Police,-0.0882034360581,51.5182618688,On or near Moorgate,E01032739,City of London 001F,Other crime,,
,2010-12,City of London Police,City of London Police,-0.0842006113916,51.5109485441,On or near Philpot Lane,E01032739,City of London 001F,Other crime,,
,2010-12,City of London Police,City of London Police,-0.0796129653663,51.5172312674,On or near New Street,E01032739,City of London 001F,Other crime,,
,2010-12,City of London Police,City of London Police,-0.0824584436402,51.5174306959,On or near Liverpool Street,E01032739,City of London 001F,Other crime,,
,2010-12,City of London Police,City of London Police,-0.101958740723,51.5132965684,On or near Carter Lane,E01032739,City of London 001F,Other crime,,
,2010-12,City of London Police,City of London Police,-0.101958740723,51.5132965684,On or near Carter Lane,E01032739,City of London 001F,Other crime,,
,2010-12,City of London Police,City of London Police,-0.0815160980276,51.510014397,On or near Great Tower Street,E01032739,City of London 001F,Other crime,,
,2010-12,City of London Police,City of London Police,-0.0853102255365,51.5185114293,On or near Eldon Street,E01032739,City of London 001F,Other crime,,
,2010-12,City of London Police,City of London Police,-0.08115824292,51.5168159223,On or near Bishopsgate,E01032739,City of London 001F,Other crime,,
,2010-12,City of London Police,City of London Police,-0.0856694716836,51.5151001183,On or near Austin Friars,E01032739,City of London 001F,Other crime,,
,2010-12,City of London Police,City of London Police,-0.0824584436402,51.5174306959,On or near Liverpool Street,E01032739,City of London 001F,Other crime,,
,2010-12,City of London Police,City of London Police,-0.092718659473,51.5126520812,On or near Queen Victoria Street,E01032739,City of London 001F,Other crime,,
,2010-12,City of London Police,City of London Police,-0.0781266994321,51.5121351096,On or near Lloyd'S Avenue,E01032739,City of London 001F,Other crime,,
,2010-12,City of London Police,City of London Police,-0.0825709103274,51.5147527486,On or near Great St. Helen'S,E01032739,City of London 001F,Other crime,,
,2010-12,City of London Police,City of London Police,-0.0802341604053,51.5168547561,On or near Devonshire Row,E01032739,City of London 001F,Other crime,,
,2010-12,City of London Police,City of London Police,-0.0882611613479,51.5099986415,On or near Arthur Street,E01032739,City of London 001F,Other crime,,
,2010-12,City of London Police,City of London Police,-0.0882611613479,51.5099986415,On or near Arthur Street,E01032739,City of London 001F,Other crime,,
,2010-12,City of London Police,City of London Police,-0.0775778123528,51.5107952118,On or near Pepys Street,E01032739,City of London 001F,Other crime,,
,2010-12,City of London Police,City of London Police,-0.0842843057124,51.5106711414,On or near Eastcheap,E01032739,City of London 001F,Other crime,,
,2010-12,City of London Police,City of London Police,-0.0845663458739,51.5176899528,On or near Blomfield Street,E01032739,City of London 001F,Other crime,,
,2010-12,City of London Police,City of London Police,-0.0865642471675,51.5133521759,On or near Cornhill,E01032739,City of London 001F,Other crime,,
,2010-12,City of London Police,City of London Police,-0.0792490984985,51.5104628913,On or near Seething Lane,E01032739,City of London 001F,Other crime,,
,2010-12,City of London Police,City of London Police,-0.08115824292,51.5168159223,On or near Bishopsgate,E01032739,City of London 001F,Other crime,,
,2010-12,City of London Police,City of London Police,-0.0856694716836,51.5151001183,On or near Austin Friars,E01032739,City of London 001F,Other crime,,
,2010-12,City of London Police,City of London Police,-0.0784884218514,51.517923263,On or near Middlesex Street,E01032739,City of London 001F,Other crime,,
,2010-12,City of London Police,City of London Police,-0.0800339687609,51.5133893381,On or near Leadenhall Street,E01032739,City of London 001F,Other crime,,
,2010-12,City of London Police,City of London Police,-0.0845663458739,51.5176899528,On or near Blomfield Street,E01032739,City of London 001F,Other crime,,
,2010-12,City of London Police,City of London Police,-0.0869768214406,51.5114165109,On or near Clement'S Lane,E01032739,City of London 001F,Other crime,,
,2010-12,City of London Police,City of London Police,-0.0865642471675,51.5133521759,On or near Cornhill,E01032739,City of London 001F,Other crime,,
,2010-12,City of London Police,City of London Police,-0.0907974084389,51.514482283,On or near Old Jewry,E01032739,City of London 001F,Other crime,,
,2010-12,City of London Police,City of London Police,-0.0830789341718,51.5115776818,On or near Fenchurch Street,E01032739,City of London 001F,Other crime,,
,2010-12,City of London Police,City of London Police,-0.0791616637509,51.5149397635,On or near Bevis Marks,E01032739,City of London 001F,Other crime,,
,2010-12,City of London Police,City of London Police,-0.0889951663384,51.5120878872,On or near St. Swithin'S Lane,E01032739,City of London 001F,Other crime,,
,2010-12,City of London Police,City of London Police,-0.0830789341718,51.5115776818,On or near Fenchurch Street,E01032739,City of London 001F,Other crime,,
,2010-12,City of London Police,City of London Police,-0.0898375219753,51.5160673302,On or near Coleman Street,E01032739,City of London 001F,Other crime,,
,2010-12,City of London Police,City of London Police,-0.0853102255365,51.5185114293,On or near Eldon Street,E01032739,City of London 001F,Other crime,,
,2010-12,City of London Police,City of London Police,-0.0830789341718,51.5115776818,On or near Fenchurch Street,E01032739,City of London 001F,Other crime,,
,2010-12,City of London Police,City of London Police,-0.0832956703215,51.5170577001,On or near Old Broad Street,E01032739,City of London 001F,Other crime,,
,2010-12,City of London Police,City of London Police,-0.0802341604053,51.5168547561,On or near Devonshire Row,E01032739,City of London 001F,Other crime,,
,2010-12,City of London Police,City of London Police,-0.09976321524,51.5134138911,On or near St. Paul'S Churchyard,E01032739,City of London 001F,Other crime,,
,2010-12,City of London Police,City of London Police,-0.0829132969499,51.5134634151,On or near Leadenhall Street,E01032739,City of London 001F,Other crime,,
,2010-12,City of London Police,City of London Police,-0.0850967683015,51.511916392,On or near Gracechurch Street,E01032739,City of London 001F,Other crime,,
,2010-12,City of London Police,City of London Police,-0.0779354826572,51.5142812026,On or near Dukes Place,E01032739,City of London 001F,Other crime,,
,2010-12,City of London Police,City of London Police,-0.0775778123528,51.5107952118,On or near Pepys Street,E01032739,City of London 001F,Other crime,,
,2010-12,City of London Police,City of London Police,-0.0850136366242,51.509774802,On or near Monument Street,E01032739,City of London 001F,Other crime,,
,2010-12,City of London Police,City of London Police,-0.0830789341718,51.5115776818,On or near Fenchurch Street,E01032739,City of London 001F,Other crime,,
,2010-12,City of London Police,City of London Police,-0.0797795146672,51.512243115,On or near Fenchurch Street,E01032739,City of London 001F,Other crime,,
,2010-12,City of London Police,City of London Police,-0.0802341604053,51.5168547561,On or near Devonshire Row,E01032739,City of London 001F,Other crime,,
,2010-12,City of London Police,City of London Police,-0.09976321524,51.5134138911,On or near St. Paul'S Churchyard,E01032739,City of London 001F,Other crime,,
,2010-12,City of London Police,City of London Police,-0.0830789341718,51.5115776818,On or near Fenchurch Street,E01032739,City of London 001F,Other crime,,
,2010-12,City of London Police,City of London Police,-0.0793983486191,51.5165083475,On or near Devonshire Square,E01032739,City of London 001F,Other crime,,
,2010-12,City of London Police,City of London Police,-0.0825709103274,51.5147527486,On or near Great St. Helen'S,E01032739,City of London 001F,Other crime,,
,2010-12,City of London Police,City of London Police,-0.0822091834446,51.5096390514,On or near St. Dunstan'S Hill,E01032739,City of London 001F,Other crime,,
,2010-12,City of London Police,City of London Police,-0.0825709103274,51.5147527486,On or near Great St. Helen'S,E01032739,City of London 001F,Other crime,,
,2010-12,City of London Police,City of London Police,-0.0865642471675,51.5133521759,On or near Cornhill,E01032739,City of London 001F,Other crime,,
,2010-12,City of London Police,City of London Police,-0.0910602773625,51.5109524838,On or near Dowgate Hill,E01032739,City of London 001F,Other crime,,
,2010-12,City of London Police,City of London Police,-0.09976321524,51.5134138911,On or near St. Paul'S Churchyard,E01032739,City of London 001F,Other crime,,
,2010-12,City of London Police,City of London Police,-0.0796129653663,51.5172312674,On or near New Street,E01032739,City of London 001F,Other crime,,
,2010-12,City of London Police,City of London Police,-0.0796129653663,51.5172312674,On or near New Street,E01032739,City of London 001F,Other crime,,
,2010-12,City of London Police,City of London Police,-0.0796129653663,51.5172312674,On or near New Street,E01032739,City of London 001F,Other crime,,
,2010-12,City of London Police,City of London Police,-0.0910783214567,51.5136235694,On or near Poultry,E01032739,City of London 001F,Other crime,,
,2010-12,City of London Police,City of London Police,-0.0803184283587,51.5206779772,On or near Primrose Street,E01032739,City of London 001F,Other crime,,
,2010-12,City of London Police,City of London Police,-0.0825268256255,51.5120272781,On or near Cullum Street,E01032739,City of London 001F,Other crime,,
,2010-12,City of London Police,City of London Police,-0.0957966028617,51.5128010121,On or near Cannon Street,E01032739,City of London 001F,Other crime,,
,2010-12,City of London Police,City of London Police,-0.0802341604053,51.5168547561,On or near Devonshire Row,E01032739,City of London 001F,Other crime,,
,2010-12,City of London Police,City of London Police,-0.0898375219753,51.5160673302,On or near Coleman Street,E01032739,City of London 001F,Other crime,,
,2010-12,City of London Police,City of London Police,-0.0865642471675,51.5133521759,On or near Cornhill,E01032739,City of London 001F,Other crime,,
,2010-12,City of London Police,City of London Police,-0.0796129653663,51.5172312674,On or near New Street,E01032739,City of London 001F,Other crime,,
,2010-12,City of London Police,City of London Police,-0.0882611613479,51.5099986415,On or near Arthur Street,E01032739,City of London 001F,Other crime,,
,2010-12,City of London Police,City of London Police,-0.0959575837161,51.5110141062,On or near High Timber Street,E01032739,City of London 001F,Other crime,,
,2010-12,City of London Police,City of London Police,-0.0822091834446,51.5096390514,On or near St. Dunstan'S Hill,E01032739,City of London 001F,Other crime,,
,2010-12,City of London Police,City of London Police,-0.0802341604053,51.5168547561,On or near Devonshire Row,E01032739,City of London 001F,Other crime,,
,2010-12,City of London Police,City of London Police,-0.0792490984985,51.5104628913,On or near Seething Lane,E01032739,City of London 001F,Other crime,,
,2010-12,City of London Police,City of London Police,-0.101575141944,51.5138568907,On or near Ludgate Hill,E01032739,City of London 001F,Other crime,,
,2010-12,City of London Police,City of London Police,-0.0840950262277,51.5168999015,On or near New Broad Street,E01032739,City of London 001F,Other crime,,
,2010-12,City of London Police,City of London Police,-0.084656747781,51.5151914954,On or near Old Broad Street,E01032739,City of London 001F,Other crime,,
,2010-12,City of London Police,City of London Police,-0.0847012538818,51.5093200721,On or near Lower Thames Street,E01032739,City of London 001F,Other crime,,
,2010-12,City of London Police,City of London Police,-0.0853102255365,51.5185114293,On or near Eldon Street,E01032739,City of London 001F,Other crime,,
,2010-12,City of London Police,City of London Police,-0.0991177245093,51.5126480567,On or near Godliman Street,E01032739,City of London 001F,Other crime,,
,2010-12,City of London Police,City of London Police,-0.0918233817249,51.5144180463,On or near Ironmonger Lane,E01032739,City of London 001F,Other crime,,
,2010-12,City of London Police,City of London Police,-0.0867279442225,51.5104772237,On or near King William Street,E01032739,City of London 001F,Other crime,,
,2010-12,City of London Police,City of London Police,-0.101575141944,51.5138568907,On or near Ludgate Hill,E01032739,City of London 001F,Other crime,,
,2010-12,City of London Police,City of London Police,-0.0830789341718,51.5115776818,On or near Fenchurch Street,E01032739,City of London 001F,Other crime,,
,2010-12,City of London Police,City of London Police,-0.0775778123528,51.5107952118,On or near Pepys Street,E01032739,City of London 001F,Other crime,,
,2010-12,City of London Police,City of London Police,-0.0933414174635,51.5118888464,On or near Great St. Thomas Apostle,E01032739,City of London 001F,Other crime,,
,2010-12,City of London Police,City of London Police,-0.0840063661646,51.513517247,On or near Bishopsgate,E01032739,City of London 001F,Other crime,,
,2010-12,City of London Police,City of London Police,-0.0853102255365,51.5185114293,On or near Eldon Street,E01032739,City of London 001F,Other crime,,
,2010-12,City of London Police,City of London Police,-0.0869768214406,51.5114165109,On or near Clement'S Lane,E01032739,City of London 001F,Other crime,,
,2010-12,City of London Police,City of London Police,-0.08115824292,51.5168159223,On or near Bishopsgate,E01032739,City of London 001F,Other crime,,
,2010-12,City of London Police,City of London Police,-0.0830789341718,51.5115776818,On or near Fenchurch Street,E01032739,City of London 001F,Other crime,,
,2010-12,City of London Police,City of London Police,-0.0840063661646,51.513517247,On or near Bishopsgate,E01032739,City of London 001F,Other crime,,
,2010-12,City of London Police,City of London Police,-0.0957966028617,51.5128010121,On or near Cannon Street,E01032739,City of London 001F,Other crime,,
,2010-12,City of London Police,City of London Police,-0.0796129653663,51.5172312674,On or near New Street,E01032739,City of London 001F,Other crime,,
,2010-12,City of London Police,City of London Police,-0.0825709103274,51.5147527486,On or near Great St. Helen'S,E01032739,City of London 001F,Other crime,,
,2010-12,City of London Police,City of London Police,-0.0803220229418,51.5106513168,On or near Mark Lane,E01032739,City of London 001F,Other crime,,
,2010-12,City of London Police,City of London Police,-0.0856694716836,51.5151001183,On or near Austin Friars,E01032739,City of London 001F,Other crime,,
,2010-12,City of London Police,City of London Police,-0.0998000918841,51.5156446415,On or near Newgate Street,E01032739,City of London 001F,Other crime,,
,2010-12,City of London Police,City of London Police,-0.0830789341718,51.5115776818,On or near Fenchurch Street,E01032739,City of London 001F,Other crime,,
,2010-12,City of London Police,City of London Police,-0.0798082338309,51.5115601492,On or near London Street,E01032739,City of London 001F,Other crime,,
,2010-12,City of London Police,City of London Police,-0.0825709103274,51.5147527486,On or near Great St. Helen'S,E01032739,City of London 001F,Other crime,,
,2010-12,City of London Police,City of London Police,-0.0856694716836,51.5151001183,On or near Austin Friars,E01032739,City of London 001F,Other crime,,
,2010-12,City of London Police,City of London Police,-0.0998000918841,51.5156446415,On or near Newgate Street,E01032739,City of London 001F,Other crime,,
,2010-12,City of London Police,City of London Police,-0.0775778123528,51.5107952118,On or near Pepys Street,E01032739,City of London 001F,Other crime,,
,2010-12,City of London Police,City of London Police,-0.0829132969499,51.5134634151,On or near Leadenhall Street,E01032739,City of London 001F,Other crime,,
,2010-12,City of London Police,City of London Police,-0.0865642471675,51.5133521759,On or near Cornhill,E01032739,City of London 001F,Other crime,,
,2010-12,City of London Police,City of London Police,-0.0802341604053,51.5168547561,On or near Devonshire Row,E01032739,City of London 001F,Other crime,,
,2010-12,City of London Police,City of London Police,-0.0802341604053,51.5168547561,On or near Devonshire Row,E01032739,City of London 001F,Other crime,,
,2010-12,City of London Police,City of London Police,-0.0802341604053,51.5168547561,On or near Devonshire Row,E01032739,City of London 001F,Other crime,,
,2010-12,City of London Police,City of London Police,-0.0829132969499,51.5134634151,On or near Leadenhall Street,E01032739,City of London 001F,Other crime,,
,2010-12,City of London Police,City of London Police,-0.104887488167,51.5163474378,On or near Farringdon Street,E01032740,City of London 001G,Anti-social behaviour,,
,2010-12,City of London Police,City of London Police,-0.108230657134,51.5139284587,On or near Pleydell Street,E01032740,City of London 001G,Anti-social behaviour,,
,2010-12,City of London Police,City of London Police,-0.111180686667,51.5164759291,On or near Cursitor Street,E01032740,City of London 001G,Anti-social behaviour,,
,2010-12,City of London Police,City of London Police,-0.107309626113,51.5159818842,On or near New Street Square,E01032740,City of London 001G,Anti-social behaviour,,
,2010-12,City of London Police,City of London Police,-0.104973471795,51.5128866969,On or near Bridewell Place,E01032740,City of London 001G,Anti-social behaviour,,
,2010-12,City of London Police,City of London Police,-0.0998182755732,51.5190171416,On or near Cloth Fair,E01032740,City of London 001G,Anti-social behaviour,,
,2010-12,City of London Police,City of London Police,-0.107309626113,51.5159818842,On or near New Street Square,E01032740,City of London 001G,Anti-social behaviour,,
,2010-12,City of London Police,City of London Police,-0.105134456854,51.5138694855,On or near Bride Lane,E01032740,City of London 001G,Anti-social behaviour,,
,2010-12,City of London Police,City of London Police,-0.102929537239,51.5183750784,On or near West Smithfield,E01032740,City of London 001G,Anti-social behaviour,,
,2010-12,City of London Police,City of London Police,-0.10801830992,51.5117488377,On or near Temple Avenue,E01032740,City of London 001G,Anti-social behaviour,,
,2010-12,City of London Police,City of London Police,-0.108230657134,51.5139284587,On or near Pleydell Street,E01032740,City of London 001G,Anti-social behaviour,,
,2010-12,City of London Police,City of London Police,-0.102929537239,51.5183750784,On or near West Smithfield,E01032740,City of London 001G,Anti-social behaviour,,
,2010-12,City of London Police,City of London Police,-0.107309626113,51.5159818842,On or near New Street Square,E01032740,City of London 001G,Anti-social behaviour,,
,2010-12,City of London Police,City of London Police,-0.108230657134,51.5139284587,On or near Pleydell Street,E01032740,City of London 001G,Anti-social behaviour,,
,2010-12,City of London Police,City of London Police,-0.105134456854,51.5138694855,On or near Bride Lane,E01032740,City of London 001G,Anti-social behaviour,,
,2010-12,City of London Police,City of London Police,-0.0998182755732,51.5190171416,On or near Cloth Fair,E01032740,City of London 001G,Anti-social behaviour,,
,2010-12,City of London Police,City of London Police,-0.105134456854,51.5138694855,On or near Bride Lane,E01032740,City of London 001G,Anti-social behaviour,,
,2010-12,City of London Police,City of London Police,-0.0998182755732,51.5190171416,On or near Cloth Fair,E01032740,City of London 001G,Anti-social behaviour,,
,2010-12,City of London Police,City of London Police,-0.108230657134,51.5139284587,On or near Pleydell Street,E01032740,City of London 001G,Anti-social behaviour,,
,2010-12,City of London Police,City of London Police,-0.105134456854,51.5138694855,On or near Bride Lane,E01032740,City of London 001G,Burglary,,
,2010-12,City of London Police,City of London Police,-0.102285818669,51.5151363411,On or near Old Bailey,E01032740,City of London 001G,Robbery,,
,2010-12,City of London Police,City of London Police,-0.102285818669,51.5151363411,On or near Old Bailey,E01032740,City of London 001G,Robbery,,
,2010-12,City of London Police,City of London Police,-0.102285818669,51.5151363411,On or near Old Bailey,E01032740,City of London 001G,Vehicle crime,,
,2010-12,City of London Police,City of London Police,-0.102285818669,51.5151363411,On or near Old Bailey,E01032740,City of London 001G,Vehicle crime,,
,2010-12,City of London Police,City of London Police,-0.102929537239,51.5183750784,On or near West Smithfield,E01032740,City of London 001G,Violent crime,,
,2010-12,City of London Police,City of London Police,-0.102412228174,51.5172965975,On or near Cock Lane,E01032740,City of London 001G,Violent crime,,
,2010-12,City of London Police,City of London Police,-0.104252236222,51.5129020191,On or near New Bridge Street,E01032740,City of London 001G,Violent crime,,
,2010-12,City of London Police,City of London Police,-0.0998182755732,51.5190171416,On or near Cloth Fair,E01032740,City of London 001G,Violent crime,,
,2010-12,City of London Police,City of London Police,-0.105134456854,51.5138694855,On or near Bride Lane,E01032740,City of London 001G,Violent crime,,
,2010-12,City of London Police,City of London Police,-0.109154892293,51.516668102,On or near Fetter Lane,E01032740,City of London 001G,Violent crime,,
,2010-12,City of London Police,City of London Police,-0.104973471795,51.5128866969,On or near Bridewell Place,E01032740,City of London 001G,Violent crime,,
,2010-12,City of London Police,City of London Police,-0.102285818669,51.5151363411,On or near Old Bailey,E01032740,City of London 001G,Violent crime,,
,2010-12,City of London Police,City of London Police,-0.0998182755732,51.5190171416,On or near Cloth Fair,E01032740,City of London 001G,Violent crime,,
,2010-12,City of London Police,City of London Police,-0.10791045841,51.5150473615,On or near Gough Square,E01032740,City of London 001G,Other crime,,
,2010-12,City of London Police,City of London Police,-0.102929537239,51.5183750784,On or near West Smithfield,E01032740,City of London 001G,Other crime,,
,2010-12,City of London Police,City of London Police,-0.110470621618,51.5172648279,On or near Furnival Street,E01032740,City of London 001G,Other crime,,
,2010-12,City of London Police,City of London Police,-0.102285818669,51.5151363411,On or near Old Bailey,E01032740,City of London 001G,Other crime,,
,2010-12,City of London Police,City of London Police,-0.10692174859,51.514213086,On or near Fleet Street,E01032740,City of London 001G,Other crime,,
,2010-12,City of London Police,City of London Police,-0.108230657134,51.5139284587,On or near Pleydell Street,E01032740,City of London 001G,Other crime,,
,2010-12,City of London Police,City of London Police,-0.102285818669,51.5151363411,On or near Old Bailey,E01032740,City of London 001G,Other crime,,
,2010-12,City of London Police,City of London Police,-0.10692174859,51.514213086,On or near Fleet Street,E01032740,City of London 001G,Other crime,,
,2010-12,City of London Police,City of London Police,-0.102285818669,51.5151363411,On or near Old Bailey,E01032740,City of London 001G,Other crime,,
,2010-12,City of London Police,City of London Police,-0.104613904288,51.5170354429,On or near Holborn Viaduct,E01032740,City of London 001G,Other crime,,
,2010-12,City of London Police,City of London Police,-0.105134456854,51.5138694855,On or near Bride Lane,E01032740,City of London 001G,Other crime,,
,2010-12,City of London Police,City of London Police,-0.104613904288,51.5170354429,On or near Holborn Viaduct,E01032740,City of London 001G,Other crime,,
,2010-12,City of London Police,City of London Police,-0.102379895842,51.5177277166,On or near Hosier Lane,E01032740,City of London 001G,Other crime,,
,2010-12,City of London Police,City of London Police,-0.102412228174,51.5172965975,On or near Cock Lane,E01032740,City of London 001G,Other crime,,
,2010-12,City of London Police,City of London Police,-0.102412228174,51.5172965975,On or near Cock Lane,E01032740,City of London 001G,Other crime,,
,2010-12,City of London Police,City of London Police,-0.102412228174,51.5172965975,On or near Cock Lane,E01032740,City of London 001G,Other crime,,
,2010-12,City of London Police,City of London Police,-0.105134456854,51.5138694855,On or near Bride Lane,E01032740,City of London 001G,Other crime,,
,2010-12,City of London Police,City of London Police,-0.104252236222,51.5129020191,On or near New Bridge Street,E01032740,City of London 001G,Other crime,,
,2010-12,City of London Police,City of London Police,-0.107309626113,51.5159818842,On or near New Street Square,E01032740,City of London 001G,Other crime,,
,2010-12,City of London Police,City of London Police,-0.102285818669,51.5151363411,On or near Old Bailey,E01032740,City of London 001G,Other crime,,
,2010-12,City of London Police,City of London Police,-0.108230657134,51.5139284587,On or near Pleydell Street,E01032740,City of London 001G,Other crime,,
,2010-12,City of London Police,City of London Police,-0.102285818669,51.5151363411,On or near Old Bailey,E01032740,City of London 001G,Other crime,,
,2010-12,City of London Police,City of London Police,-0.102285818669,51.5151363411,On or near Old Bailey,E01032740,City of London 001G,Other crime,,
,2010-12,City of London Police,City of London Police,-0.102412228174,51.5172965975,On or near Cock Lane,E01032740,City of London 001G,Other crime,,
,2010-12,City of London Police,City of London Police,-0.109154892293,51.516668102,On or near Fetter Lane,E01032740,City of London 001G,Other crime,,
,2010-12,City of London Police,City of London Police,-0.102285818669,51.5151363411,On or near Old Bailey,E01032740,City of London 001G,Other crime,,
,2010-12,City of London Police,City of London Police,-0.102412228174,51.5172965975,On or near Cock Lane,E01032740,City of London 001G,Other crime,,
,2010-12,City of London Police,City of London Police,-0.102285818669,51.5151363411,On or near Old Bailey,E01032740,City of London 001G,Other crime,,
,2010-12,City of London Police,City of London Police,-0.102285818669,51.5151363411,On or near Old Bailey,E01032740,City of London 001G,Other crime,,
,2010-12,City of London Police,City of London Police,-0.108452934219,51.5151730144,On or near Pemberton Row,E01032740,City of London 001G,Other crime,,
,2010-12,City of London Police,City of London Police,-0.102285818669,51.5151363411,On or near Old Bailey,E01032740,City of London 001G,Other crime,,
,2010-12,City of London Police,City of London Police,-0.102285818669,51.5151363411,On or near Old Bailey,E01032740,City of London 001G,Other crime,,
,2010-12,City of London Police,City of London Police,-0.0998182755732,51.5190171416,On or near Cloth Fair,E01032740,City of London 001G,Other crime,,
,2010-12,City of London Police,City of London Police,-0.0998182755732,51.5190171416,On or near Cloth Fair,E01032740,City of London 001G,Other crime,,
,2010-12,City of London Police,City of London Police,-0.11251921541,51.5175675884,On or near Southampton Buildings,E01032740,City of London 001G,Other crime,,
,2010-12,City of London Police,City of London Police,-0.102285818669,51.5151363411,On or near Old Bailey,E01032740,City of London 001G,Other crime,,
,2010-12,City of London Police,City of London Police,-0.0990707568053,51.5182766327,On or near Bartholomew Close,E01032740,City of London 001G,Other crime,,
,2010-12,City of London Police,City of London Police,-0.102412228174,51.5172965975,On or near Cock Lane,E01032740,City of London 001G,Other crime,,
,2010-12,City of London Police,City of London Police,-0.105134456854,51.5138694855,On or near Bride Lane,E01032740,City of London 001G,Other crime,,
,2010-12,City of London Police,City of London Police,-0.102285818669,51.5151363411,On or near Old Bailey,E01032740,City of London 001G,Other crime,,
,2010-12,City of London Police,City of London Police,-0.102929537239,51.5183750784,On or near West Smithfield,E01032740,City of London 001G,Other crime,,
,2010-12,City of London Police,City of London Police,-0.105134456854,51.5138694855,On or near Bride Lane,E01032740,City of London 001G,Other crime,,
,2010-12,City of London Police,City of London Police,-0.102285818669,51.5151363411,On or near Old Bailey,E01032740,City of London 001G,Other crime,,
,2010-12,City of London Police,City of London Police,-0.102285818669,51.5151363411,On or near Old Bailey,E01032740,City of London 001G,Other crime,,
,2010-12,City of London Police,City of London Police,-0.104973471795,51.5128866969,On or near Bridewell Place,E01032740,City of London 001G,Other crime,,
,2010-12,City of London Police,City of London Police,-0.102412228174,51.5172965975,On or near Cock Lane,E01032740,City of London 001G,Other crime,,
,2010-12,City of London Police,City of London Police,-0.102285818669,51.5151363411,On or near Old Bailey,E01032740,City of London 001G,Other crime,,
,2010-12,City of London Police,City of London Police,-0.0998182755732,51.5190171416,On or near Cloth Fair,E01032740,City of London 001G,Other crime,,
,2010-12,City of London Police,City of London Police,-0.102285818669,51.5151363411,On or near Old Bailey,E01032740,City of London 001G,Other crime,,
,2010-12,City of London Police,City of London Police,-0.0998182755732,51.5190171416,On or near Cloth Fair,E01032740,City of London 001G,Other crime,,
,2010-12,City of London Police,City of London Police,-0.105134456854,51.5138694855,On or near Bride Lane,E01032740,City of London 001G,Other crime,,
,2010-12,City of London Police,City of London Police,-0.107146711898,51.5171303004,On or near St. Andrew Street,E01032740,City of London 001G,Other crime,,
,2010-12,City of London Police,City of London Police,-0.102285818669,51.5151363411,On or near Old Bailey,E01032740,City of London 001G,Other crime,,
,2010-12,City of London Police,City of London Police,-0.111180686667,51.5164759291,On or near Cursitor Street,E01032740,City of London 001G,Other crime,,
,2010-12,City of London Police,City of London Police,-0.102412228174,51.5172965975,On or near Cock Lane,E01032740,City of London 001G,Other crime,,
,2010-12,City of London Police,City of London Police,-0.102285818669,51.5151363411,On or near Old Bailey,E01032740,City of London 001G,Other crime,,
,2010-12,City of London Police,City of London Police,-0.102412228174,51.5172965975,On or near Cock Lane,E01032740,City of London 001G,Other crime,,
,2010-12,City of London Police,City of London Police,-0.102412228174,51.5172965975,On or near Cock Lane,E01032740,City of London 001G,Other crime,,
,2010-12,City of London Police,City of London Police,-0.102929537239,51.5183750784,On or near West Smithfield,E01032740,City of London 001G,Other crime,,
,2010-12,City of London Police,City of London Police,-0.104973471795,51.5128866969,On or near Bridewell Place,E01032740,City of London 001G,Other crime,,
,2010-12,City of London Police,City of London Police,-0.10692174859,51.514213086,On or near Fleet Street,E01032740,City of London 001G,Other crime,,
,2010-12,City of London Police,City of London Police,-0.102285818669,51.5151363411,On or near Old Bailey,E01032740,City of London 001G,Other crime,,
,2010-12,City of London Police,City of London Police,-0.102285818669,51.5151363411,On or near Old Bailey,E01032740,City of London 001G,Other crime,,
,2010-12,City of London Police,City of London Police,-0.10801830992,51.5117488377,On or near Temple Avenue,E01032740,City of London 001G,Other crime,,
,2010-12,City of London Police,City of London Police,-0.10801830992,51.5117488377,On or near Temple Avenue,E01032740,City of London 001G,Other crime,,
,2010-12,City of London Police,City of London Police,0.0834918227285,51.6135108857,On or near Fontayne Avenue,E01021767,Epping Forest 017D,Anti-social behaviour,,
,2010-12,City of London Police,City of London Police,-0.0753795781992,51.5646425126,On or near Listria Park,E01001805,Hackney 009B,Violent crime,,
,2010-12,City of London Police,City of London Police,-0.0753795781992,51.5646425126,On or near Listria Park,E01001805,Hackney 009B,Other crime,,
,2010-12,City of London Police,City of London Police,-0.0836515506789,51.5205975934,On or near Earl Street,E01033708,Hackney 027G,Anti-social behaviour,,
,2010-12,City of London Police,City of London Police,-0.0826508334006,51.5228024021,On or near Holywell Row,E01033708,Hackney 027G,Anti-social behaviour,,
,2010-12,City of London Police,City of London Police,-0.0836515506789,51.5205975934,On or near Earl Street,E01033708,Hackney 027G,Robbery,,
,2010-12,City of London Police,City of London Police,-0.0840532101539,51.5216742699,On or near Dysart Street,E01033708,Hackney 027G,Violent crime,,
,2010-12,City of London Police,City of London Police,-0.0836515506789,51.5205975934,On or near Earl Street,E01033708,Hackney 027G,Other crime,,
,2010-12,City of London Police,City of London Police,-0.0836515506789,51.5205975934,On or near Earl Street,E01033708,Hackney 027G,Other crime,,
,2010-12,City of London Police,City of London Police,-0.111598943666,51.5241353071,On or near Mount Pleasant,E01002726,Islington 022F,Other crime,,
,2010-12,City of London Police,City of London Police,-0.111598943666,51.5241353071,On or near Mount Pleasant,E01002726,Islington 022F,Other crime,,
,2010-12,City of London Police,City of London Police,-0.0981376166783,51.5206085605,On or near Carthusian Street,E01033490,Islington 022H,Anti-social behaviour,,
,2010-12,City of London Police,City of London Police,-0.0972685389632,51.5231303632,On or near Baltic Street West,E01033490,Islington 022H,Anti-social behaviour,,
,2010-12,City of London Police,City of London Police,-0.0981376166783,51.5206085605,On or near Carthusian Street,E01033490,Islington 022H,Anti-social behaviour,,
,2010-12,City of London Police,City of London Police,-0.0981376166783,51.5206085605,On or near Carthusian Street,E01033490,Islington 022H,Anti-social behaviour,,
,2010-12,City of London Police,City of London Police,-0.0981376166783,51.5206085605,On or near Carthusian Street,E01033490,Islington 022H,Anti-social behaviour,,
,2010-12,City of London Police,City of London Police,-0.0981376166783,51.5206085605,On or near Carthusian Street,E01033490,Islington 022H,Anti-social behaviour,,
,2010-12,City of London Police,City of London Police,-0.0981376166783,51.5206085605,On or near Carthusian Street,E01033490,Islington 022H,Anti-social behaviour,,
,2010-12,City of London Police,City of London Police,-0.0981376166783,51.5206085605,On or near Carthusian Street,E01033490,Islington 022H,Anti-social behaviour,,
,2010-12,City of London Police,City of London Police,-0.0979385278194,51.5219272363,On or near Glasshouse Yard,E01033490,Islington 022H,Violent crime,,
,2010-12,City of London Police,City of London Police,-0.0972685389632,51.5231303632,On or near Baltic Street West,E01033490,Islington 022H,Other crime,,
,2010-12,City of London Police,City of London Police,-0.0981376166783,51.5206085605,On or near Carthusian Street,E01033490,Islington 022H,Other crime,,
,2010-12,City of London Police,City of London Police,-0.0981376166783,51.5206085605,On or near Carthusian Street,E01033490,Islington 022H,Other crime,,
,2010-12,City of London Police,City of London Police,-0.0867158729275,51.5203958272,On or near Finsbury Square,E01002704,Islington 023D,Anti-social behaviour,,
,2010-12,City of London Police,City of London Police,-0.0900733830389,51.5207652865,On or near Chiswell Street,E01002704,Islington 023D,Anti-social behaviour,,
,2010-12,City of London Police,City of London Police,-0.0868489058867,51.5189412024,On or near South Place,E01002704,Islington 023D,Other crime,,
,2010-12,City of London Police,City of London Police,-0.0891932359224,51.5197527776,On or near Ropemaker Street,E01002704,Islington 023D,Other crime,,
,2010-12,City of London Police,City of London Police,-0.0887665878094,51.5203033649,On or near Finsbury Street,E01002704,Islington 023D,Other crime,,
,2010-12,City of London Police,City of London Police,-0.0900733830389,51.5207652865,On or near Chiswell Street,E01002704,Islington 023D,Other crime,,
,2010-12,City of London Police,City of London Police,-0.0867296231276,51.5193798922,On or near Dominion Street,E01002704,Islington 023D,Other crime,,
,2010-12,City of London Police,City of London Police,-0.0891932359224,51.5197527776,On or near Ropemaker Street,E01002704,Islington 023D,Other crime,,
,2010-12,City of London Police,City of London Police,-0.0887663721966,51.519619927,On or near Ropemaker Street,E01002704,Islington 023D,Other crime,,
,2010-12,City of London Police,City of London Police,-0.0900733830389,51.5207652865,On or near Chiswell Street,E01002704,Islington 023D,Other crime,,
,2010-12,City of London Police,City of London Police,-0.0936528526679,51.5223792287,On or near Fortune Street,E01002706,Islington 023E,Other crime,,
,2010-12,City of London Police,City of London Police,-0.1044942655,51.5081129007,On or near A201,E01003934,Southwark 002C,Anti-social behaviour,,
,2010-12,City of London Police,City of London Police,-0.0759464078563,51.5047074543,On or near A100,E01004027,Southwark 003E,Anti-social behaviour,,
,2010-12,City of London Police,City of London Police,-0.0759464078563,51.5047074543,On or near A100,E01004027,Southwark 003E,Other crime,,
,2010-12,City of London Police,City of London Police,-0.0759464078563,51.5047074543,On or near A100,E01004027,Southwark 003E,Other crime,,
,2010-12,City of London Police,City of London Police,-0.0786050093302,51.520290219,On or near Spital Yard,E01004307,Tower Hamlets 015B,Anti-social behaviour,,
,2010-12,City of London Police,City of London Police,-0.0786050093302,51.520290219,On or near Spital Yard,E01004307,Tower Hamlets 015B,Anti-social behaviour,,
,2010-12,City of London Police,City of London Police,-0.0786050093302,51.520290219,On or near Spital Yard,E01004307,Tower Hamlets 015B,Anti-social behaviour,,
,2010-12,City of London Police,City of London Police,-0.0786050093302,51.520290219,On or near Spital Yard,E01004307,Tower Hamlets 015B,Anti-social behaviour,,
,2010-12,City of London Police,City of London Police,-0.0786050093302,51.520290219,On or near Spital Yard,E01004307,Tower Hamlets 015B,Anti-social behaviour,,
,2010-12,City of London Police,City of London Police,-0.0790802855547,51.5196145685,On or near Bishopsgate,E01004307,Tower Hamlets 015B,Violent crime,,
,2010-12,City of London Police,City of London Police,-0.0776015209614,51.518790002,On or near Steward Street,E01004307,Tower Hamlets 015B,Other crime,,
,2010-12,City of London Police,City of London Police,-0.0790802855547,51.5196145685,On or near Bishopsgate,E01004307,Tower Hamlets 015B,Other crime,,
,2010-12,City of London Police,City of London Police,-0.0776015209614,51.518790002,On or near Steward Street,E01004307,Tower Hamlets 015B,Other crime,,
,2010-12,City of London Police,City of London Police,-0.0790802855547,51.5196145685,On or near Bishopsgate,E01004307,Tower Hamlets 015B,Other crime,,
,2010-12,City of London Police,City of London Police,-0.0790802855547,51.5196145685,On or near Bishopsgate,E01004307,Tower Hamlets 015B,Other crime,,
,2010-12,City of London Police,City of London Police,-0.0776015209614,51.518790002,On or near Steward Street,E01004307,Tower Hamlets 015B,Other crime,,
,2010-12,City of London Police,City of London Police,-0.0790802855547,51.5196145685,On or near Bishopsgate,E01004307,Tower Hamlets 015B,Other crime,,
,2010-12,City of London Police,City of London Police,-0.0767466749706,51.5171843022,On or near Strype Street,E01004307,Tower Hamlets 015B,Other crime,,
,2010-12,City of London Police,City of London Police,-0.0751645363221,51.5153958029,On or near Middlesex Street,E01004310,Tower Hamlets 015E,Anti-social behaviour,,
,2010-12,City of London Police,City of London Police,-0.0713184750968,51.5112499862,On or near Yeoman'S Yard,E01032767,Tower Hamlets 021F,Anti-social behaviour,,
,2010-12,City of London Police,City of London Police,-0.0713184750968,51.5112499862,On or near Yeoman'S Yard,E01032767,Tower Hamlets 021F,Anti-social behaviour,,
,2010-12,City of London Police,City of London Police,-0.0717883246733,51.5130921998,On or near North Tenter Street,E01032767,Tower Hamlets 021F,Anti-social behaviour,,
,2010-12,City of London Police,City of London Police,-0.0717883246733,51.5130921998,On or near North Tenter Street,E01032767,Tower Hamlets 021F,Anti-social behaviour,,
,2010-12,City of London Police,City of London Police,-0.0717883246733,51.5130921998,On or near North Tenter Street,E01032767,Tower Hamlets 021F,Anti-social behaviour,,
,2010-12,City of London Police,City of London Police,-0.0732869043008,51.5130988424,On or near Mansell Street,E01032767,Tower Hamlets 021F,Violent crime,,
,2010-12,City of London Police,City of London Police,-0.0732869043008,51.5130988424,On or near Mansell Street,E01032767,Tower Hamlets 021F,Violent crime,,
,2010-12,City of London Police,City of London Police,-0.072461848737,51.5121590493,On or near West Tenter Street,E01032767,Tower Hamlets 021F,Other crime,,
,2010-12,City of London Police,City of London Police,-0.0735022300823,51.5093614631,On or near Mansell Street,E01004294,Tower Hamlets 026B,Other crime,,
,2010-12,City of London Police,City of London Police,-0.0735022300823,51.5093614631,On or near Mansell Street,E01004294,Tower Hamlets 026B,Other crime,,
,2010-12,City of London Police,City of London Police,-0.112366551033,51.5135904308,On or near Fleet Street,E01004735,Westminster 018B,Anti-social behaviour,,
,2010-12,City of London Police,City of London Police,-0.112366551033,51.5135904308,On or near Fleet Street,E01004735,Westminster 018B,Anti-social behaviour,,
,2010-12,City of London Police,City of London Police,-0.112366551033,51.5135904308,On or near Fleet Street,E01004735,Westminster 018B,Anti-social behaviour,,
,2010-12,City of London Police,City of London Police,-0.113072971625,51.5121899692,On or near Milford Lane,E01004735,Westminster 018B,Anti-social behaviour,,
,2010-12,City of London Police,City of London Police,-0.112366551033,51.5135904308,On or near Fleet Street,E01004735,Westminster 018B,Other crime,,
,2010-12,City of London Police,City of London Police,-0.112038369809,51.5145563426,On or near Bell Yard,E01004735,Westminster 018B,Other crime,,
,2010-12,City of London Police,City of London Police,-0.112038369809,51.5145563426,On or near Bell Yard,E01004735,Westminster 018B,Other crime,,
,2010-12,City of London Police,City of London Police,-0.112648168057,51.5127047014,On or near Devereux Court,E01004735,Westminster 018B,Other crime,,
,2010-12,City of London Police,City of London Police,-0.112648168057,51.5127047014,On or near Devereux Court,E01004735,Westminster 018B,Other crime,,
